{"cameraMode":{"drawMode":0,"name":"Shaded","section":"Shading Mode"},"sceneLighting":false,"audioPlay":false,"sceneViewState":{"showFog":true,"showMaterialUpdate":false,"showSkybox":true,"showFlares":true,"showImageEffects":true,"showParticleSystems":true},"in2DMode":false,"pivot":{"x":-0.7569169998168945,"y":10.027219772338868,"z":19.657617568969728},"rotation":{"x":-0.1418607383966446,"y":0.2809181809425354,"z":-0.04202572628855705,"w":-0.9482585787773132},"size":12.95794677734375,"orthographic":false}