{"cameraMode":{"drawMode":0,"name":"Shaded","section":"Shading Mode"},"sceneLighting":true,"audioPlay":false,"sceneViewState":{"showFog":true,"showMaterialUpdate":false,"showSkybox":true,"showFlares":true,"showImageEffects":true,"showParticleSystems":true},"in2DMode":false,"pivot":{"x":14.245855331420899,"y":15.368081092834473,"z":16.33189582824707},"rotation":{"x":-0.1473560333251953,"y":0.697292149066925,"z":-0.1499423235654831,"w":-0.6852643489837647},"size":57.78706741333008,"orthographic":false}